655,529,1377,91289,558,1664,1900,12451
2379,2510,16750339,295819,2221,3584,6017,16758481
16762774,8334,16754692,675523,6739,16920,12012,46479
2895,1013,4082,47082,652,1046,664,11119
10146,6570,119,496647,9961,8543,20372,16773974
3855,721,7378,25978,2491,3399,2946,22279
2575,1594,621,7156,2246,1643,3026,2038
1952,319,1056,8133,441,2584,657,2923
7383,760,7986,16762621,1102,3587,975,11868
800,872,2534,8069,826,1631,1540,7303
4623,729,1451,16766971,661,639,617,9735
1530,520,1600,4731,157,1133,1354,2369
1353,925,8734,2047,250,763,1631,672
702,404,1148,4760,843,1105,642,1471
4238,558,5493,93288,808,1725,3792,16745026
8326,8249,1569,83217,1058,9090,2899,16758797
30931,20623,16746516,557296,9067,13252,11644,25007
3545,3350,6189,16776359,1022,3167,2208,2413
10134,15226,91995,277369,10311,18657,14840,147625
7451,2146,3543,7932,1992,7966,1928,21097
1620,2582,12976,153131,3356,1848,2274,14833
4821,2398,3772,45450,1055,3886,3846,16770480
537,4000,2065,16748662,907,1475,2335,9657
2539,1725,3711,28192,1495,1103,2449,16767925
6861,2338,7849,251813,2981,3516,4874,20570
7185,21331,16747004,1015212,16987,13614,11500,42504
9392,685,5593,153861,389,4424,2730,23585
9864,11657,4330,831921,15618,14438,10160,26547
5110,4467,12209,16753641,2247,2726,1670,9883
13280,5735,11654,155938,3490,4245,4879,16749013
842,837,2256,117274,481,1042,607,7216
17784,14474,22667,993163,4579,27572,10992,16767598
1389,2439,1069,6248,1157,956,2379,5652
1631,1700,6378,215534,802,2227,3496,30042
16769235,12779,20353,34026,6460,8944,15380,138453
2673,1041,1933,63943,1613,1387,2289,26772
12443,4592,25939,713567,5951,11637,7792,148731
3175,235,3290,7845,790,523,1542,3237
1845,986,3450,85764,910,1830,966,32063
2121,492,5749,16759587,551,1348,5585,16750498
11278,3246,16432,944252,2604,11456,11218,256442
2861,888,1324,14337,668,662,1724,7237
3198,2445,15232,16764386,3169,5003,7877,28652
1336,623,2505,10149,172,1258,711,9671
11615,3881,3442,94475,3824,5670,4957,16770102
103,16777199,152,16765168,318,179,1626,11369
7692,10409,17231,481803,9620,14312,8552,55600
1404,837,1553,4841,936,1084,440,3633
1690,1235,595,1804,957,1812,2068,3545
3076,440,1366,16748566,898,2957,3323,27699
4605,6146,11582,28316,2957,9046,5625,18120
5569,1537,7856,481127,2782,4573,6406,16766625
1413,1894,2494,14778,1027,948,202,4919
3901,8826,11876,548857,6337,3399,3685,218956
11082,10754,8435,746030,8683,15275,14995,66071
2859,1229,3577,74494,2894,2084,3667,27114
16758056,6485,16754714,281236,6174,13443,14746,16745656
2705,1891,832,82994,1065,1584,2152,14184
3169,5156,1719,16753804,8197,15122,4395,31767
16762489,28590,80178,170303,10344,20174,29178,513717
15730,10896,8579,975116,4297,11182,23559,16776510
12312,11115,2025,6068,4018,6333,2317,3582
3737,9549,5446,18959,6718,8385,5068,4817
4395,487,4507,21998,801,1577,1933,9541
1528,659,4319,16765250,966,942,2191,8002
606,312,2100,16765370,92,231,224,8610
2406,2803,3321,13665,1233,3212,929,30263
5282,7304,10703,88461,3673,2250,4738,65765
937,130,6145,138702,175,336,595,11231
17177,3279,4844,27299,3177,7891,7306,17570
3471,455,2862,110520,823,939,1553,26019
2497,1570,202,1515,662,1300,1978,2613
2108,5643,1187,34291,6040,1145,3816,16753486
665,1093,442,4845,1922,2546,1178,1671
1444,1178,4442,957,688,2319,1558,3911
6233,2415,8969,134467,3158,3064,5593,20002
1012,397,3634,368030,1203,9982,4757,16746362
9251,2915,22310,768329,676,8838,13723,98097
10542,11545,3483,540595,7978,14444,7998,139786
7953,1727,22299,1996626,1897,11601,5038,30461
966,1377,647,16769042,1247,692,1841,2983
6447,3674,5025,44173,4391,8277,14294,28967
5018,971,1679,4933,749,1349,810,6974
2107,434,3213,16768982,588,1022,129,12671
651,206,877,8861,771,740,1316,11229
16525,2386,13421,454367,2319,5202,7573,58724
460,380,4018,17579,318,907,895,9134
140,420,3524,16754133,1399,1127,1246,22365
4446,657,8473,137512,725,2802,2065,16759520
1129,719,785,26480,1649,1926,3351,9891
3706,3117,3078,311047,3521,3841,2119,28093
7209,2440,12641,154139,2737,6847,6580,24286
2475,798,2131,40875,1232,2204,1030,16748289
2327,1127,2603,16772889,538,822,1679,8514
2632,704,2491,16768692,16777190,507,343,10582
1833,605,3379,16934,1038,2755,1109,23050
806,820,3267,15201,860,1579,2290,13112
7394,747,578,19579,1239,1547,1875,16763822
9190,3206,6332,538424,2734,4450,2105,21284
3304,2071,9065,142708,2623,2378,3015,6116
5327,2435,3621,16771160,2645,5736,6594,70785
739,2346,2865,16754785,923,1778,4220,16749964
3240,2528,3093,147531,1059,1725,2687,24622
6046,235,1091,148990,501,1180,1991,23215
2236,778,2400,16730,388,2191,1191,13102
14013,6434,12801,132663,6317,11616,4850,29975
4108,1396,4295,6019,1600,2536,2685,16746044
3855,4375,5505,799012,1344,5326,5055,29734
833,1818,6267,28233,235,1595,1033,16756539
1617,573,4430,167003,884,985,1455,67446
2995,1002,614,24112,180,1104,833,5013
1908,990,12817,67776,657,1879,1942,24080
1950,675,2420,144483,502,1405,2080,4407
617,3454,7242,16765346,1805,4603,5146,52699
3416,459,7462,44661,644,1842,2211,90137
5927,2234,16745405,274176,2362,4773,3613,121070
4725,887,2708,93899,230,1402,1190,14184
8539,4335,2306,193563,4911,12109,7078,138184
2151,1119,5958,16768399,211,940,1174,37111
1679,1067,2550,16744635,178,1160,1424,6066
8333,2245,25693,155793,3426,7921,5880,59544
4289,886,952,24334,2107,3290,1106,16767304
1439,1047,309,20941,575,849,3199,13826
1274,1861,8931,16766451,4668,13711,6481,16745110
14270,3163,2741,777411,12760,7971,9210,118259
2071,2350,1248,16746390,1447,1782,2196,7432
22893,5616,16756000,1391252,4888,5103,7758,57184
3875,2362,5377,121015,2201,3461,3387,16752942
1643,225,129,25233,569,2577,359,14868
2020,1047,3999,16767683,685,938,1905,8015
3448,4697,22084,16749733,2980,3836,5767,85337
2744,697,5441,26096,599,2230,1555,23537
1493,701,2278,83023,2164,2633,1060,8898
1355,1570,2318,24522,887,932,1499,5797
1756,979,2056,16746401,480,1419,1426,9600
3476,455,3616,142350,1593,1526,928,66574
1485,507,3779,80690,566,3001,1867,17162
162,1253,6005,16750140,559,1403,3503,15547
1791,940,6947,16746361,860,1947,3078,5646
421,525,971,16775812,596,1624,4957,23409
1490,860,2828,16755830,435,1568,1620,9637
10849,6551,24723,58569,4494,5453,6226,50415
